driverId,forename,surname,url
1,Lewis,Hamilton,http://en.wikipedia.org/wiki/Lewis_Hamilton
2,Nick,Heidfeld,http://en.wikipedia.org/wiki/Nick_Heidfeld
3,Nico,Rosberg,http://en.wikipedia.org/wiki/Nico_Rosberg
4,Fernando,Alonso,http://en.wikipedia.org/wiki/Fernando_Alonso
5,Heikki,Kovalainen,http://en.wikipedia.org/wiki/Heikki_Kovalainen
6,Kazuki,Nakajima,http://en.wikipedia.org/wiki/Kazuki_Nakajima
7,Sébastien,Bourdais,http://en.wikipedia.org/wiki/S%C3%A9bastien_Bourdais
8,Kimi,Räikkönen,http://en.wikipedia.org/wiki/Kimi_R%C3%A4ikk%C3%B6nen
9,Robert,Kubica,http://en.wikipedia.org/wiki/Robert_Kubica
10,Timo,Glock,http://en.wikipedia.org/wiki/Timo_Glock
11,Takuma,Sato,http://en.wikipedia.org/wiki/Takuma_Sato
12,Nelson,Piquet Jr.,"http://en.wikipedia.org/wiki/Nelson_Piquet,_Jr."
13,Felipe,Massa,http://en.wikipedia.org/wiki/Felipe_Massa
14,David,Coulthard,http://en.wikipedia.org/wiki/David_Coulthard
15,Jarno,Trulli,http://en.wikipedia.org/wiki/Jarno_Trulli
16,Adrian,Sutil,http://en.wikipedia.org/wiki/Adrian_Sutil
17,Mark,Webber,http://en.wikipedia.org/wiki/Mark_Webber_(racing_driver)
18,Jenson,Button,http://en.wikipedia.org/wiki/Jenson_Button
19,Anthony,Davidson,http://en.wikipedia.org/wiki/Anthony_Davidson
20,Sebastian,Vettel,http://en.wikipedia.org/wiki/Sebastian_Vettel
21,Giancarlo,Fisichella,http://en.wikipedia.org/wiki/Giancarlo_Fisichella
22,Rubens,Barrichello,http://en.wikipedia.org/wiki/Rubens_Barrichello
23,Ralf,Schumacher,http://en.wikipedia.org/wiki/Ralf_Schumacher
24,Vitantonio,Liuzzi,http://en.wikipedia.org/wiki/Vitantonio_Liuzzi
25,Alexander,Wurz,http://en.wikipedia.org/wiki/Alexander_Wurz
26,Scott,Speed,http://en.wikipedia.org/wiki/Scott_Speed
27,Christijan,Albers,http://en.wikipedia.org/wiki/Christijan_Albers
28,Markus,Winkelhock,http://en.wikipedia.org/wiki/Markus_Winkelhock
29,Sakon,Yamamoto,http://en.wikipedia.org/wiki/Sakon_Yamamoto
30,Michael,Schumacher,http://en.wikipedia.org/wiki/Michael_Schumacher
31,Juan,Pablo Montoya,http://en.wikipedia.org/wiki/Juan_Pablo_Montoya
32,Christian,Klien,http://en.wikipedia.org/wiki/Christian_Klien
33,Tiago,Monteiro,http://en.wikipedia.org/wiki/Tiago_Monteiro
34,Yuji,Ide,http://en.wikipedia.org/wiki/Yuji_Ide
35,Jacques,Villeneuve,http://en.wikipedia.org/wiki/Jacques_Villeneuve
36,Franck,Montagny,http://en.wikipedia.org/wiki/Franck_Montagny
37,Pedro,de la Rosa,http://en.wikipedia.org/wiki/Pedro_de_la_Rosa
38,Robert,Doornbos,http://en.wikipedia.org/wiki/Robert_Doornbos
39,Narain,Karthikeyan,http://en.wikipedia.org/wiki/Narain_Karthikeyan
40,Patrick,Friesacher,http://en.wikipedia.org/wiki/Patrick_Friesacher
41,Ricardo,Zonta,http://en.wikipedia.org/wiki/Ricardo_Zonta
42,Antônio,Pizzonia,http://en.wikipedia.org/wiki/Ant%C3%B4nio_Pizzonia
43,Cristiano,da Matta,http://en.wikipedia.org/wiki/Cristiano_da_Matta
44,Olivier,Panis,http://en.wikipedia.org/wiki/Olivier_Panis
45,Giorgio,Pantano,http://en.wikipedia.org/wiki/Giorgio_Pantano
46,Gianmaria,Bruni,http://en.wikipedia.org/wiki/Gianmaria_Bruni
47,Zsolt,Baumgartner,http://en.wikipedia.org/wiki/Zsolt_Baumgartner
48,Marc,Gené,http://en.wikipedia.org/wiki/Marc_Gen%C3%A9
49,Heinz-Harald,Frentzen,http://en.wikipedia.org/wiki/Heinz-Harald_Frentzen
50,Jos,Verstappen,http://en.wikipedia.org/wiki/Jos_Verstappen
51,Justin,Wilson,http://en.wikipedia.org/wiki/Justin_Wilson_(racing_driver)
52,Ralph,Firman,http://en.wikipedia.org/wiki/Ralph_Firman
53,Nicolas,Kiesa,http://en.wikipedia.org/wiki/Nicolas_Kiesa
54,Luciano,Burti,http://en.wikipedia.org/wiki/Luciano_Burti
55,Jean,Alesi,http://en.wikipedia.org/wiki/Jean_Alesi
56,Eddie,Irvine,http://en.wikipedia.org/wiki/Eddie_Irvine
57,Mika,Häkkinen,http://en.wikipedia.org/wiki/Mika_H%C3%A4kkinen
58,Tarso,Marques,http://en.wikipedia.org/wiki/Tarso_Marques
59,Enrique,Bernoldi,http://en.wikipedia.org/wiki/Enrique_Bernoldi
60,Gastón,Mazzacane,http://en.wikipedia.org/wiki/Gast%C3%B3n_Mazzacane
61,Tomáš,Enge,http://en.wikipedia.org/wiki/Tom%C3%A1%C5%A1_Enge
62,Alex,Yoong,http://en.wikipedia.org/wiki/Alex_Yoong
63,Mika,Salo,http://en.wikipedia.org/wiki/Mika_Salo
64,Pedro,Diniz,http://en.wikipedia.org/wiki/Pedro_Diniz
65,Johnny,Herbert,http://en.wikipedia.org/wiki/Johnny_Herbert
66,Allan,McNish,http://en.wikipedia.org/wiki/Allan_McNish
67,Sébastien,Buemi,http://en.wikipedia.org/wiki/S%C3%A9bastien_Buemi
68,Toranosuke,Takagi,http://en.wikipedia.org/wiki/Toranosuke_Takagi
69,Luca,Badoer,http://en.wikipedia.org/wiki/Luca_Badoer
70,Alessandro,Zanardi,http://en.wikipedia.org/wiki/Alex_Zanardi
71,Damon,Hill,http://en.wikipedia.org/wiki/Damon_Hill
72,Stéphane,Sarrazin,http://en.wikipedia.org/wiki/St%C3%A9phane_Sarrazin
73,Ricardo,Rosset,http://en.wikipedia.org/wiki/Ricardo_Rosset
74,Esteban,Tuero,http://en.wikipedia.org/wiki/Esteban_Tuero
75,Shinji,Nakano,http://en.wikipedia.org/wiki/Shinji_Nakano
76,Jan,Magnussen,http://en.wikipedia.org/wiki/Jan_Magnussen
77,Gerhard,Berger,http://en.wikipedia.org/wiki/Gerhard_Berger
78,Nicola,Larini,http://en.wikipedia.org/wiki/Nicola_Larini
79,Ukyo,Katayama,http://en.wikipedia.org/wiki/Ukyo_Katayama
80,Vincenzo,Sospiri,http://en.wikipedia.org/wiki/Vincenzo_Sospiri
81,Gianni,Morbidelli,http://en.wikipedia.org/wiki/Gianni_Morbidelli
82,Norberto,Fontana,http://en.wikipedia.org/wiki/Norberto_Fontana
83,Pedro,Lamy,http://en.wikipedia.org/wiki/Pedro_Lamy
84,Martin,Brundle,http://en.wikipedia.org/wiki/Martin_Brundle
85,Andrea,Montermini,http://en.wikipedia.org/wiki/Andrea_Montermini
86,Giovanni,Lavaggi,http://en.wikipedia.org/wiki/Giovanni_Lavaggi
87,Mark,Blundell,http://en.wikipedia.org/wiki/Mark_Blundell
88,Aguri,Suzuki,http://en.wikipedia.org/wiki/Aguri_Suzuki
89,Taki,Inoue,http://en.wikipedia.org/wiki/Taki_Inoue
90,Roberto,Moreno,http://en.wikipedia.org/wiki/Roberto_Moreno
91,Karl,Wendlinger,http://en.wikipedia.org/wiki/Karl_Wendlinger
92,Bertrand,Gachot,http://en.wikipedia.org/wiki/Bertrand_Gachot
93,Domenico,Schiattarella,http://en.wikipedia.org/wiki/Domenico_Schiattarella
94,Pierluigi,Martini,http://en.wikipedia.org/wiki/Pierluigi_Martini
95,Nigel,Mansell,http://en.wikipedia.org/wiki/Nigel_Mansell
96,Jean-Christophe,Boullion,http://en.wikipedia.org/wiki/Jean-Christophe_Boullion
97,Massimiliano,Papis,http://en.wikipedia.org/wiki/Massimiliano_Papis
98,Jean-Denis,Délétraz,http://en.wikipedia.org/wiki/Jean-Denis_Deletraz
99,Gabriele,Tarquini,http://en.wikipedia.org/wiki/Gabriele_Tarquini
100,Érik,Comas,http://en.wikipedia.org/wiki/%C3%89rik_Comas
101,David,Brabham,http://en.wikipedia.org/wiki/David_Brabham
102,Ayrton,Senna,http://en.wikipedia.org/wiki/Ayrton_Senna
103,Éric,Bernard,http://en.wikipedia.org/wiki/%C3%89ric_Bernard
104,Christian,Fittipaldi,http://en.wikipedia.org/wiki/Christian_Fittipaldi
105,Michele,Alboreto,http://en.wikipedia.org/wiki/Michele_Alboreto
106,Olivier,Beretta,http://en.wikipedia.org/wiki/Olivier_Beretta
107,Roland,Ratzenberger,http://en.wikipedia.org/wiki/Roland_Ratzenberger
108,Paul,Belmondo,http://en.wikipedia.org/wiki/Paul_Belmondo
109,Jyrki,Järvilehto,http://en.wikipedia.org/wiki/Jyrki_J%C3%A4rvilehto
110,Andrea,de Cesaris,http://en.wikipedia.org/wiki/Andrea_de_Cesaris
111,Jean-Marc,Gounon,http://en.wikipedia.org/wiki/Jean-Marc_Gounon
112,Philippe,Alliot,http://en.wikipedia.org/wiki/Philippe_Alliot
113,Philippe,Adams,http://en.wikipedia.org/wiki/Philippe_Adams
114,Yannick,Dalmas,http://en.wikipedia.org/wiki/Yannick_Dalmas
115,Hideki,Noda,http://en.wikipedia.org/wiki/Hideki_Noda
116,Franck,Lagorce,http://en.wikipedia.org/wiki/Franck_Lagorce
117,Alain,Prost,http://en.wikipedia.org/wiki/Alain_Prost
118,Derek,Warwick,http://en.wikipedia.org/wiki/Derek_Warwick
119,Riccardo,Patrese,http://en.wikipedia.org/wiki/Riccardo_Patrese
120,Fabrizio,Barbazza,http://en.wikipedia.org/wiki/Fabrizio_Barbazza
121,Michael,Andretti,http://en.wikipedia.org/wiki/Michael_Andretti
122,Ivan,Capelli,http://en.wikipedia.org/wiki/Ivan_Capelli
123,Thierry,Boutsen,http://en.wikipedia.org/wiki/Thierry_Boutsen
124,Marco,Apicella,http://en.wikipedia.org/wiki/Marco_Apicella
125,Emanuele,Naspetti,http://en.wikipedia.org/wiki/Emanuele_Naspetti
126,Toshio,Suzuki,http://en.wikipedia.org/wiki/Toshio_Suzuki_(driver)
127,Maurício,Gugelmin,http://en.wikipedia.org/wiki/Maur%C3%ADcio_Gugelmin
128,Eric,van de Poele,http://en.wikipedia.org/wiki/Eric_van_de_Poele
129,Olivier,Grouillard,http://en.wikipedia.org/wiki/Olivier_Grouillard
130,Andrea,Chiesa,http://en.wikipedia.org/wiki/Andrea_Chiesa
131,Stefano,Modena,http://en.wikipedia.org/wiki/Stefano_Modena
132,Giovanna,Amati,http://en.wikipedia.org/wiki/Giovanna_Amati
133,Alex,Caffi,http://en.wikipedia.org/wiki/Alex_Caffi
134,Enrico,Bertaggia,http://en.wikipedia.org/wiki/Enrico_Bertaggia
135,Perry,McCarthy,http://en.wikipedia.org/wiki/Perry_McCarthy
136,Jan,Lammers,http://en.wikipedia.org/wiki/Jan_Lammers
137,Nelson,Piquet,http://en.wikipedia.org/wiki/Nelson_Piquet
138,Satoru,Nakajima,http://en.wikipedia.org/wiki/Satoru_Nakajima
139,Emanuele,Pirro,http://en.wikipedia.org/wiki/Emanuele_Pirro
140,Stefan,Johansson,http://en.wikipedia.org/wiki/Stefan_Johansson
141,Julian,Bailey,http://en.wikipedia.org/wiki/Julian_Bailey
142,Pedro,Chaves,http://en.wikipedia.org/wiki/Pedro_Chaves
143,Michael,Bartels,http://en.wikipedia.org/wiki/Michael_Bartels
144,Naoki,Hattori,http://en.wikipedia.org/wiki/Naoki_Hattori
145,Alessandro,Nannini,http://en.wikipedia.org/wiki/Alessandro_Nannini
146,Bernd,Schneider,http://en.wikipedia.org/wiki/Bernd_Schneider_(racecar_driver)
147,Paolo,Barilla,http://en.wikipedia.org/wiki/Paolo_Barilla
148,Gregor,Foitek,http://en.wikipedia.org/wiki/Gregor_Foitek
149,Claudio,Langes,http://en.wikipedia.org/wiki/Claudio_Langes
150,Gary,Brabham,http://en.wikipedia.org/wiki/Gary_Brabham
151,Martin,Donnelly,http://en.wikipedia.org/wiki/Martin_Donnelly_(racing_driver)
152,Bruno,Giacomelli,http://en.wikipedia.org/wiki/Bruno_Giacomelli
153,Jaime,Alguersuari,http://en.wikipedia.org/wiki/Jaime_Alguersuari
154,Romain,Grosjean,http://en.wikipedia.org/wiki/Romain_Grosjean
155,Kamui,Kobayashi,http://en.wikipedia.org/wiki/Kamui_Kobayashi
156,Jonathan,Palmer,http://en.wikipedia.org/wiki/Jonathan_Palmer
157,Christian,Danner,http://en.wikipedia.org/wiki/Christian_Danner
158,Eddie,Cheever,http://en.wikipedia.org/wiki/Eddie_Cheever
159,Luis,Pérez-Sala,http://en.wikipedia.org/wiki/Luis_Perez-Sala
160,Piercarlo,Ghinzani,http://en.wikipedia.org/wiki/Piercarlo_Ghinzani
161,Volker,Weidler,http://en.wikipedia.org/wiki/Volker_Weidler
162,Pierre-Henri,Raphanel,http://en.wikipedia.org/wiki/Pierre-Henri_Raphanel
163,René,Arnoux,http://en.wikipedia.org/wiki/Ren%C3%A9_Arnoux
164,Joachim,Winkelhock,http://en.wikipedia.org/wiki/Joachim_Winkelhock
165,Oscar,Larrauri,http://en.wikipedia.org/wiki/Oscar_Larrauri
166,Philippe,Streiff,http://en.wikipedia.org/wiki/Philippe_Streiff
167,Adrián,Campos,http://en.wikipedia.org/wiki/Adri%C3%A1n_Campos
168,Jean-Louis,Schlesser,http://en.wikipedia.org/wiki/Jean-Louis_Schlesser
169,Pascal,Fabre,http://en.wikipedia.org/wiki/Pascal_Fabre
170,Teo,Fabi,http://en.wikipedia.org/wiki/Teo_Fabi
171,Franco,Forini,http://en.wikipedia.org/wiki/Franco_Forini
172,Jacques,Laffite,http://en.wikipedia.org/wiki/Jacques_Laffite
173,Elio,de Angelis,http://en.wikipedia.org/wiki/Elio_de_Angelis
174,Johnny,Dumfries,http://en.wikipedia.org/wiki/Johnny_Dumfries
175,Patrick,Tambay,http://en.wikipedia.org/wiki/Patrick_Tambay
176,Marc,Surer,http://en.wikipedia.org/wiki/Marc_Surer
177,Keke,Rosberg,http://en.wikipedia.org/wiki/Keke_Rosberg
178,Alan,Jones,http://en.wikipedia.org/wiki/Alan_Jones_(Formula_1)
179,Huub,Rothengatter,http://en.wikipedia.org/wiki/Huub_Rothengatter
180,Allen,Berg,http://en.wikipedia.org/wiki/Allen_Berg
181,Manfred,Winkelhock,http://en.wikipedia.org/wiki/Manfred_Winkelhock
182,Niki,Lauda,http://en.wikipedia.org/wiki/Niki_Lauda
183,François,Hesnault,http://en.wikipedia.org/wiki/Fran%C3%A7ois_Hesnault
184,Mauro,Baldi,http://en.wikipedia.org/wiki/Mauro_Baldi
185,Stefan,Bellof,http://en.wikipedia.org/wiki/Stefan_Bellof
186,Kenny,Acheson,http://en.wikipedia.org/wiki/Kenny_Acheson
187,John,Watson,http://en.wikipedia.org/wiki/John_Watson_(racing_driver)
188,Johnny,Cecotto,http://en.wikipedia.org/wiki/Johnny_Cecotto
189,Jo,Gartner,http://en.wikipedia.org/wiki/Jo_Gartner
190,Corrado,Fabi,http://en.wikipedia.org/wiki/Corrado_Fabi
191,Mike,Thackwell,http://en.wikipedia.org/wiki/Mike_Thackwell
192,Chico,Serra,http://en.wikipedia.org/wiki/Chico_Serra
193,Danny,Sullivan,http://en.wikipedia.org/wiki/Danny_Sullivan
194,Eliseo,Salazar,http://en.wikipedia.org/wiki/Eliseo_Salazar
195,Roberto,Guerrero,http://en.wikipedia.org/wiki/Roberto_Guerrero
196,Raul,Boesel,http://en.wikipedia.org/wiki/Raul_Boesel
197,Jean-Pierre,Jarier,http://en.wikipedia.org/wiki/Jean-Pierre_Jarier
198,Jacques,Villeneuve Sr.,http://en.wikipedia.org/wiki/Jacques_Villeneuve_(elder)
199,Carlos,Reutemann,http://en.wikipedia.org/wiki/Carlos_Reutemann
200,Jochen,Mass,http://en.wikipedia.org/wiki/Jochen_Mass
201,Slim,Borgudd,http://en.wikipedia.org/wiki/Slim_Borgudd
202,Didier,Pironi,http://en.wikipedia.org/wiki/Didier_Pironi
203,Gilles,Villeneuve,http://en.wikipedia.org/wiki/Gilles_Villeneuve
204,Riccardo,Paletti,http://en.wikipedia.org/wiki/Riccardo_Paletti
205,Brian,Henton,http://en.wikipedia.org/wiki/Brian_Henton
206,Derek,Daly,http://en.wikipedia.org/wiki/Derek_Daly
207,Mario,Andretti,http://en.wikipedia.org/wiki/Mario_Andretti
208,Emilio,de Villota,http://en.wikipedia.org/wiki/Emilio_de_Villota
209,Geoff,Lees,http://en.wikipedia.org/wiki/Geoff_Lees
210,Tommy,Byrne,http://en.wikipedia.org/wiki/Tommy_Byrne_%28racing_driver%29
211,Rupert,Keegan,http://en.wikipedia.org/wiki/Rupert_Keegan
212,Hector,Rebaque,http://en.wikipedia.org/wiki/Hector_Rebaque
213,Beppe,Gabbiani,http://en.wikipedia.org/wiki/Beppe_Gabbiani
214,Kevin,Cogan,http://en.wikipedia.org/wiki/Kevin_Cogan
215,Miguel Ángel,Guerra,http://en.wikipedia.org/wiki/Miguel_Angel_Guerra
216,Siegfried,Stohr,http://en.wikipedia.org/wiki/Siegfried_Stohr
217,Ricardo,Zunino,http://en.wikipedia.org/wiki/Ricardo_Zunino
218,Ricardo,Londoño,http://en.wikipedia.org/wiki/Ricardo_Londo%C3%B1o
219,Jean-Pierre,Jabouille,http://en.wikipedia.org/wiki/Jean-Pierre_Jabouille
220,Giorgio,Francia,http://en.wikipedia.org/wiki/Giorgio_Francia
221,Patrick,Depailler,http://en.wikipedia.org/wiki/Patrick_Depailler
222,Jody,Scheckter,http://en.wikipedia.org/wiki/Jody_Scheckter
223,Clay,Regazzoni,http://en.wikipedia.org/wiki/Clay_Regazzoni
224,Emerson,Fittipaldi,http://en.wikipedia.org/wiki/Emerson_Fittipaldi
225,Dave,Kennedy,http://en.wikipedia.org/wiki/David_Kennedy_(racing_driver)
226,Stephen,South,http://en.wikipedia.org/wiki/Stephen_South
227,Tiff,Needell,http://en.wikipedia.org/wiki/Tiff_Needell
228,Desiré,Wilson,http://en.wikipedia.org/wiki/Desir%C3%A9_Wilson
229,Harald,Ertl,http://en.wikipedia.org/wiki/Harald_Ertl
230,Vittorio,Brambilla,http://en.wikipedia.org/wiki/Vittorio_Brambilla
231,James,Hunt,http://en.wikipedia.org/wiki/James_Hunt
232,Arturo,Merzario,http://en.wikipedia.org/wiki/Arturo_Merzario
233,Hans-Joachim,Stuck,http://en.wikipedia.org/wiki/Hans_Joachim_Stuck
234,Gianfranco,Brancatelli,http://en.wikipedia.org/wiki/Gianfranco_Brancatelli
235,Jacky,Ickx,http://en.wikipedia.org/wiki/Jacky_Ickx
236,Patrick,Gaillard,http://en.wikipedia.org/wiki/Patrick_Gaillard
237,Alex,Ribeiro,http://en.wikipedia.org/wiki/Alex_Ribeiro
238,Ronnie,Peterson,http://en.wikipedia.org/wiki/Ronnie_Peterson
239,Brett,Lunger,http://en.wikipedia.org/wiki/Brett_Lunger
240,Danny,Ongais,http://en.wikipedia.org/wiki/Danny_Ongais
241,Lamberto,Leoni,http://en.wikipedia.org/wiki/Lamberto_Leoni
242,Divina,Galica,http://en.wikipedia.org/wiki/Divina_Galica
243,Rolf,Stommelen,http://en.wikipedia.org/wiki/Rolf_Stommelen
244,Alberto,Colombo,http://en.wikipedia.org/wiki/Alberto_Colombo
245,Tony,Trimmer,http://en.wikipedia.org/wiki/Tony_Trimmer
246,Hans,Binder,http://en.wikipedia.org/wiki/Hans_Binder
247,Michael,Bleekemolen,http://en.wikipedia.org/wiki/Michael_Bleekemolen
248,Carlo,Franchi,http://en.wikipedia.org/wiki/Gimax
249,Bobby,Rahal,http://en.wikipedia.org/wiki/Bobby_Rahal
250,Carlos,Pace,http://en.wikipedia.org/wiki/Carlos_Pace
251,Ian,Scheckter,http://en.wikipedia.org/wiki/Ian_Scheckter
252,Tom,Pryce,http://en.wikipedia.org/wiki/Tom_Pryce
253,Ingo,Hoffmann,http://en.wikipedia.org/wiki/Ingo_Hoffmann
254,Renzo,Zorzi,http://en.wikipedia.org/wiki/Renzo_Zorzi
255,Gunnar,Nilsson,http://en.wikipedia.org/wiki/Gunnar_Nilsson
256,Larry,Perkins,http://en.wikipedia.org/wiki/Larry_Perkins
257,Boy,Lunger,http://en.wikipedia.org/wiki/Boy_Hayje
258,Patrick,Nève,http://en.wikipedia.org/wiki/Patrick_Neve
259,David,Purley,http://en.wikipedia.org/wiki/David_Purley
260,Conny,Andersson,http://en.wikipedia.org/wiki/Conny_Andersson_(racing_driver)
261,Bernard,de Dryver,http://en.wikipedia.org/wiki/Bernard_de_Dryver
262,Jackie,Oliver,http://en.wikipedia.org/wiki/Jackie_Oliver
263,Mikko,Kozarowitzky,http://en.wikipedia.org/wiki/Mikko_Kozarowitzky
264,Andy,Sutcliffe,http://en.wikipedia.org/wiki/Andy_Sutcliffe
265,Guy,Edwards,http://en.wikipedia.org/wiki/Guy_Edwards
266,Brian,McGuire,http://en.wikipedia.org/wiki/Brian_McGuire
267,Vern,Schuppan,http://en.wikipedia.org/wiki/Vern_Schuppan
268,Hans,Heyer,http://en.wikipedia.org/wiki/Hans_Heyer
269,Teddy,Pilette,http://en.wikipedia.org/wiki/Teddy_Pilette
270,Ian,Ashley,http://en.wikipedia.org/wiki/Ian_Ashley
271,Loris,Kessel,http://en.wikipedia.org/wiki/Loris_Kessel
272,Kunimitsu,Takahashi,http://en.wikipedia.org/wiki/Kunimitsu_Takahashi
273,Kazuyoshi,Hoshino,http://en.wikipedia.org/wiki/Kazuyoshi_Hoshino
274,Noritake,Takahara,http://en.wikipedia.org/wiki/Noritake_Takahara
275,Lella,Lombardi,http://en.wikipedia.org/wiki/Lella_Lombardi
276,Bob,Evans,http://en.wikipedia.org/wiki/Bob_Evans_(race_driver)
277,Michel,Leclère,http://en.wikipedia.org/wiki/Michel_Lecl%C3%A8re
278,Chris,Amon,http://en.wikipedia.org/wiki/Chris_Amon
279,Emilio,Zapico,http://en.wikipedia.org/wiki/Emilio_Zapico
280,Henri,Pescarolo,http://en.wikipedia.org/wiki/Henri_Pescarolo
281,Jac,Nelleman,http://en.wikipedia.org/wiki/Jac_Nelleman
282,Damien,Magee,http://en.wikipedia.org/wiki/Damien_Magee
283,Mike,Wilds,http://en.wikipedia.org/wiki/Mike_Wilds
284,Alessandro,Pesenti-Rossi,http://en.wikipedia.org/wiki/Alessandro_Pesenti-Rossi
285,Otto,Stuppacher,http://en.wikipedia.org/wiki/Otto_Stuppacher
286,Warwick,Brown,http://en.wikipedia.org/wiki/Warwick_Brown
287,Masahiro,Hasemi,http://en.wikipedia.org/wiki/Masahiro_Hasemi
288,Mark,Donohue,http://en.wikipedia.org/wiki/Mark_Donohue
289,Graham,Hill,http://en.wikipedia.org/wiki/Graham_Hill
290,Wilson,Fittipaldi,http://en.wikipedia.org/wiki/Wilson_Fittipaldi
291,Guy,Tunmer,http://en.wikipedia.org/wiki/Guy_Tunmer
292,Eddie,Keizan,http://en.wikipedia.org/wiki/Eddie_Keizan
293,Dave,Charlton,http://en.wikipedia.org/wiki/Dave_Charlton
294,Tony,Brise,http://en.wikipedia.org/wiki/Tony_Brise
295,Roelof,Wunderink,http://en.wikipedia.org/wiki/Roelof_Wunderink
296,François,Migault,http://en.wikipedia.org/wiki/Fran%C3%A7ois_Migault
297,Torsten,Palm,http://en.wikipedia.org/wiki/Torsten_Palm
298,Gijs,van Lennep,http://en.wikipedia.org/wiki/Gijs_Van_Lennep
299,Hiroshi,Fushida,http://en.wikipedia.org/wiki/Hiroshi_Fushida
300,John,Nicholson,http://en.wikipedia.org/wiki/John_Nicholson_(racing_driver)
301,Dave,Morgan,http://en.wikipedia.org/wiki/Dave_Morgan_(racing_driver)
302,Jim,Crawford,http://en.wikipedia.org/wiki/Jim_Crawford_(driver)
303,Jo,Vonlanthen,http://en.wikipedia.org/wiki/Jo_Vonlanthen
304,Denny,Hulme,http://en.wikipedia.org/wiki/Denny_Hulme
305,Mike,Hailwood,http://en.wikipedia.org/wiki/Mike_Hailwood
306,Jean-Pierre,Beltoise,http://en.wikipedia.org/wiki/Jean-Pierre_Beltoise
307,Howden,Ganley,http://en.wikipedia.org/wiki/Howden_Ganley
308,Richard,Robarts,http://en.wikipedia.org/wiki/Richard_Robarts
309,Peter,Revson,http://en.wikipedia.org/wiki/Peter_Revson
310,Paddy,Driver,http://en.wikipedia.org/wiki/Paddy_Driver
311,Tom,Belsø,http://en.wikipedia.org/wiki/Tom_Bels%C3%B8
312,Brian,Redman,http://en.wikipedia.org/wiki/Brian_Redman
313,Rikky,von Opel,http://en.wikipedia.org/wiki/Rikky_von_Opel
314,Tim,Schenken,http://en.wikipedia.org/wiki/Tim_Schenken
315,Gérard,Larrousse,http://en.wikipedia.org/wiki/G%C3%A9rard_Larrousse
316,Leo,Kinnunen,http://en.wikipedia.org/wiki/Leo_Kinnunen
317,Reine,Wisell,http://en.wikipedia.org/wiki/Reine_Wisell
318,Bertil,Roos,http://en.wikipedia.org/wiki/Bertil_Roos
319,José,Dolhem,http://en.wikipedia.org/wiki/Jos%C3%A9_Dolhem
320,Peter,Gethin,http://en.wikipedia.org/wiki/Peter_Gethin
321,Derek,Bell,http://en.wikipedia.org/wiki/Derek_Bell_(auto_racer)
322,David,Hobbs,http://en.wikipedia.org/wiki/David_Hobbs_(racing_driver)
323,Dieter,Quester,http://en.wikipedia.org/wiki/Dieter_Quester
324,Helmuth,Koinigg,http://en.wikipedia.org/wiki/Helmuth_Koinigg
325,Carlo,Facetti,http://en.wikipedia.org/wiki/Carlo_Facetti
326,Eppie,Wietzes,http://en.wikipedia.org/wiki/Eppie_Wietzes
327,François,Cevert,http://en.wikipedia.org/wiki/Fran%C3%A7ois_Cevert
328,Jackie,Stewart,http://en.wikipedia.org/wiki/Jackie_Stewart
329,Mike,Beuttler,http://en.wikipedia.org/wiki/Mike_Beuttler
330,Nanni,Galli,http://en.wikipedia.org/wiki/Nanni_Galli
331,Luiz,Bueno,http://en.wikipedia.org/wiki/Luiz_Bueno
332,George,Follmer,http://en.wikipedia.org/wiki/George_Follmer
333,Andrea,de Adamich,http://en.wikipedia.org/wiki/Andrea_de_Adamich
334,Jackie,Pretorius,http://en.wikipedia.org/wiki/Jackie_Pretorius
335,Roger,Williamson,http://en.wikipedia.org/wiki/Roger_Williamson
336,Graham,McRae,http://en.wikipedia.org/wiki/Graham_McRae
337,Helmut,Marko,http://en.wikipedia.org/wiki/Helmut_Marko
338,David,Walker,http://en.wikipedia.org/wiki/David_Walker_(racing_driver)
339,Alex,Soler-Roig,http://en.wikipedia.org/wiki/Alex_Soler-Roig
340,John,Love,http://en.wikipedia.org/wiki/John_Love_(racing_driver)
341,John,Surtees,http://en.wikipedia.org/wiki/John_Surtees
342,Skip,Barber,http://en.wikipedia.org/wiki/Skip_Barber
343,Bill,Brack,http://en.wikipedia.org/wiki/Bill_Brack
344,Sam,Posey,http://en.wikipedia.org/wiki/Sam_Posey
345,Pedro,Rodríguez,http://en.wikipedia.org/wiki/Pedro_Rodr%C3%ADguez_(racing_driver)
346,Jo,Siffert,http://en.wikipedia.org/wiki/Jo_Siffert
347,Jo,Bonnier,http://en.wikipedia.org/wiki/Joakim_Bonnier
348,François,Mazet,http://en.wikipedia.org/wiki/Fran%C3%A7ois_Mazet
349,Max,Jean,http://en.wikipedia.org/wiki/Max_Jean
350,Vic,Elford,http://en.wikipedia.org/wiki/Vic_Elford
351,Silvio,Moser,http://en.wikipedia.org/wiki/Silvio_Moser
352,George,Eaton,http://en.wikipedia.org/wiki/George_Eaton
353,Pete,Lovely,http://en.wikipedia.org/wiki/Pete_Lovely
354,Chris,Craft,http://en.wikipedia.org/wiki/Chris_Craft_(racing_driver)
355,John,Cannon,http://en.wikipedia.org/wiki/John_Cannon_(auto_racer)
356,Jack,Brabham,http://en.wikipedia.org/wiki/Jack_Brabham
357,John,Miles,http://en.wikipedia.org/wiki/John_Miles_(auto_racer)
358,Jochen,Rindt,http://en.wikipedia.org/wiki/Jochen_Rindt
359,Johnny,Servoz-Gavin,http://en.wikipedia.org/wiki/Johnny_Servoz-Gavin
360,Bruce,McLaren,http://en.wikipedia.org/wiki/Bruce_McLaren
361,Piers,Courage,http://en.wikipedia.org/wiki/Piers_Courage
362,Peter,de Klerk,http://en.wikipedia.org/wiki/Peter_de_Klerk
363,Ignazio,Giunti,http://en.wikipedia.org/wiki/Ignazio_Giunti
364,Dan,Gurney,http://en.wikipedia.org/wiki/Dan_Gurney
365,Hubert,Hahne,http://en.wikipedia.org/wiki/Hubert_Hahne
366,Gus,Hutchison,http://en.wikipedia.org/wiki/Gus_Hutchison
367,Peter,Westbury,http://en.wikipedia.org/wiki/Peter_Westbury
368,Sam,Tingle,http://en.wikipedia.org/wiki/Sam_Tingle
369,Basil,van Rooyen,http://en.wikipedia.org/wiki/Basil_van_Rooyen
370,Richard,Attwood,http://en.wikipedia.org/wiki/Richard_Attwood
371,Al,Pease,http://en.wikipedia.org/wiki/Al_Pease
372,John,Cordts,http://en.wikipedia.org/wiki/John_Cordts
373,Jim,Clark,http://en.wikipedia.org/wiki/Jim_Clark
374,Mike,Spence,http://en.wikipedia.org/wiki/Mike_Spence
375,Ludovico,Scarfiotti,http://en.wikipedia.org/wiki/Ludovico_Scarfiotti
376,Lucien,Bianchi,http://en.wikipedia.org/wiki/Lucien_Bianchi
377,Jo,Schlesser,http://en.wikipedia.org/wiki/Jo_Schlesser
378,Robin,Widdows,http://en.wikipedia.org/wiki/Robin_Widdows
379,Kurt,Ahrens,"http://en.wikipedia.org/wiki/Kurt_Ahrens,_Jr."
380,Frank,Gardner,http://en.wikipedia.org/wiki/Frank_Gardner_(driver)
381,Bobby,Unser,http://en.wikipedia.org/wiki/Bobby_Unser
382,Moisés,Solana,http://en.wikipedia.org/wiki/Mois%C3%A9s_Solana
383,Bob,Anderson,http://en.wikipedia.org/wiki/Bob_Anderson_(racing_driver)
384,Luki,Botha,http://en.wikipedia.org/wiki/Luki_Botha
385,Lorenzo,Bandini,http://en.wikipedia.org/wiki/Lorenzo_Bandini
386,Richie,Ginther,http://en.wikipedia.org/wiki/Richie_Ginther
387,Mike,Parkes,http://en.wikipedia.org/wiki/Mike_Parkes
388,Chris,Irwin,http://en.wikipedia.org/wiki/Chris_Irwin
389,Guy,Ligier,http://en.wikipedia.org/wiki/Guy_Ligier
390,Alan,Rees,http://en.wikipedia.org/wiki/Alan_Rees_(racing_driver)
391,Brian,Hart,http://en.wikipedia.org/wiki/Brian_Hart
392,Mike,Fisher,http://en.wikipedia.org/wiki/Mike_Fisher_(driver)
393,Tom,Jones,http://en.wikipedia.org/wiki/Tom_Jones_(auto_racer)
394,Giancarlo,Baghetti,http://en.wikipedia.org/wiki/Giancarlo_Baghetti
395,Jonathan,Williams,http://en.wikipedia.org/wiki/Jonathan_Williams_(racing_driver)
396,Bob,Bondurant,http://en.wikipedia.org/wiki/Bob_Bondurant
397,Peter,Arundell,http://en.wikipedia.org/wiki/Peter_Arundell
398,Vic,Wilson,http://en.wikipedia.org/wiki/Vic_Wilson_(motor_racing_driver)
399,John,Taylor,http://en.wikipedia.org/wiki/John_Taylor_(racer)
400,Chris,Lawrence,http://en.wikipedia.org/wiki/Chris_Lawrence_(racing_driver)
401,Trevor,Taylor,http://en.wikipedia.org/wiki/Trevor_Taylor
402,Giacomo,Russo,http://en.wikipedia.org/wiki/Geki_(driver)
403,Phil,Hill,http://en.wikipedia.org/wiki/Phil_Hill
404,Innes,Ireland,http://en.wikipedia.org/wiki/Innes_Ireland
405,Ronnie,Bucknum,http://en.wikipedia.org/wiki/Ronnie_Bucknum
406,Paul,Hawkins,http://en.wikipedia.org/wiki/Paul_Hawkins_(racing_driver)
407,David,Prophet,http://en.wikipedia.org/wiki/David_Prophet
408,Tony,Maggs,http://en.wikipedia.org/wiki/Tony_Maggs
409,Trevor,Blokdyk,http://en.wikipedia.org/wiki/Trevor_Blokdyk
410,Neville,Lederle,http://en.wikipedia.org/wiki/Neville_Lederle
411,Doug,Serrurier,http://en.wikipedia.org/wiki/Doug_Serrurier
412,Brausch,Niemann,http://en.wikipedia.org/wiki/Brausch_Niemann
413,Ernie,Pieterse,http://en.wikipedia.org/wiki/Ernie_Pieterse
414,Clive,Puzey,http://en.wikipedia.org/wiki/Clive_Puzey
415,Ray,Reed,http://en.wikipedia.org/wiki/Ray_Reed
416,David,Clapham,http://en.wikipedia.org/wiki/David_Clapham
417,Alex,Blignaut,http://en.wikipedia.org/wiki/Alex_Blignaut
418,Masten,Gregory,http://en.wikipedia.org/wiki/Masten_Gregory
419,John,Rhodes,http://en.wikipedia.org/wiki/John_Rhodes_(driver)
420,Ian,Raby,http://en.wikipedia.org/wiki/Ian_Raby
421,Alan,Rollinson,http://en.wikipedia.org/wiki/Alan_Rollinson
422,Brian,Gubby,http://en.wikipedia.org/wiki/Brian_Gubby
423,Gerhard,Mitter,http://en.wikipedia.org/wiki/Gerhard_Mitter
424,Roberto,Bussinello,http://en.wikipedia.org/wiki/Roberto_Bussinello
425,Nino,Vaccarella,http://en.wikipedia.org/wiki/Nino_Vaccarella
426,Giorgio,Bassi,http://en.wikipedia.org/wiki/Giorgio_Bassi
427,Maurice,Trintignant,http://en.wikipedia.org/wiki/Maurice_Trintignant
428,Bernard,Collomb,http://en.wikipedia.org/wiki/Bernard_Collomb
429,André,Pilette,http://en.wikipedia.org/wiki/Andr%C3%A9_Pilette
430,Carel Godin,de Beaufort,http://en.wikipedia.org/wiki/Carel_Godin_de_Beaufort
431,Edgar,Barth,http://en.wikipedia.org/wiki/Edgar_Barth
432,Mário de Araújo,Cabral,http://en.wikipedia.org/wiki/Mario_de_Araujo_Cabral
433,Walt,Hansgen,http://en.wikipedia.org/wiki/Walt_Hansgen
434,Hap,Sharp,http://en.wikipedia.org/wiki/Hap_Sharp
435,Willy,Mairesse,http://en.wikipedia.org/wiki/Willy_Mairesse
436,John,Campbell-Jones,http://en.wikipedia.org/wiki/John_Campbell-Jones
437,Ian,Burgess,http://en.wikipedia.org/wiki/Ian_Burgess
438,Tony,Settember,http://en.wikipedia.org/wiki/Tony_Settember
439,Nasif,Estéfano,http://en.wikipedia.org/wiki/Nasif_Est%C3%A9fano
440,Jim,Hall,http://en.wikipedia.org/wiki/Jim_Hall_(race_car_driver)
441,Tim,Parnell,http://en.wikipedia.org/wiki/Tim_Parnell
442,Kurt,Kuhnke,http://en.wikipedia.org/wiki/Kurt_Kuhnke
443,Ernesto,Brambilla,http://en.wikipedia.org/wiki/Ernesto_Brambilla
444,Roberto,Lippi,http://en.wikipedia.org/wiki/Roberto_Lippi
445,Günther,Seiffert,http://en.wikipedia.org/wiki/G%C3%BCnther_Seiffert
446,Carlo,Abate,http://en.wikipedia.org/wiki/Carlo_Mario_Abate
447,Gaetano,Starrabba,http://en.wikipedia.org/wiki/Gaetano_Starrabba
448,Peter,Broeker,http://en.wikipedia.org/wiki/Peter_Broeker
449,Rodger,Ward,http://en.wikipedia.org/wiki/Rodger_Ward
450,Ernie,de Vos,http://en.wikipedia.org/wiki/Ernie_de_Vos
451,Frank,Dochnal,http://en.wikipedia.org/wiki/Frank_Dochnal
452,Thomas,Monarch,http://en.wikipedia.org/wiki/Talk:1963_Mexican_Grand_Prix#Who_was_Thomas_Monarch.3F
842,Pierre,Gasly,http://en.wikipedia.org/wiki/Pierre_Gasly
453,Jackie,Lewis,http://en.wikipedia.org/wiki/Jackie_Lewis
454,Ricardo,Rodríguez,http://en.wikipedia.org/wiki/Ricardo_Rodr%C3%ADguez_(Formula_One)
455,Wolfgang,Seidel,http://en.wikipedia.org/wiki/Wolfgang_Seidel
456,Roy,Salvadori,http://en.wikipedia.org/wiki/Roy_Salvadori
457,Ben,Pon,http://en.wikipedia.org/wiki/Ben_Pon
458,Rob,Slotemaker,http://en.wikipedia.org/wiki/Rob_Slotemaker
459,Tony,Marsh,http://en.wikipedia.org/wiki/Tony_Marsh_(racing_driver)
460,Gerry,Ashmore,http://en.wikipedia.org/wiki/Gerry_Ashmore
461,Heinz,Schiller,http://en.wikipedia.org/wiki/Heinz_Schiller
462,Colin,Davis,http://en.wikipedia.org/wiki/Colin_Davis_(driver)
463,Jay,Chamberlain,http://en.wikipedia.org/wiki/Jay_Chamberlain
464,Tony,Shelly,http://en.wikipedia.org/wiki/Tony_Shelly
465,Keith,Greene,http://en.wikipedia.org/wiki/Keith_Greene
466,Heini,Walter,http://en.wikipedia.org/wiki/Heini_Walter
467,Ernesto,Prinoth,http://en.wikipedia.org/wiki/Ernesto_Prinoth
468,Roger,Penske,http://en.wikipedia.org/wiki/Roger_Penske
469,Rob,Schroeder,http://en.wikipedia.org/wiki/Rob_Schroeder
470,Timmy,Mayer,http://en.wikipedia.org/wiki/Timmy_Mayer
471,Bruce,Johnstone,http://en.wikipedia.org/wiki/Bruce_Johnstone_(racing_driver)
472,Mike,Harris,http://en.wikipedia.org/wiki/Mike_Harris_(race_car_driver)
473,Gary,Hocking,http://en.wikipedia.org/wiki/Gary_Hocking
474,Syd,van der Vyver,http://en.wikipedia.org/wiki/Syd_van_der_Vyver
475,Stirling,Moss,http://en.wikipedia.org/wiki/Stirling_Moss
476,Wolfgang,von Trips,http://en.wikipedia.org/wiki/Wolfgang_Graf_Berghe_von_Trips
477,Cliff,Allison,http://en.wikipedia.org/wiki/Cliff_Allison
478,Hans,Herrmann,http://en.wikipedia.org/wiki/Hans_Herrmann
479,Tony,Brooks,http://en.wikipedia.org/wiki/Tony_Brooks
480,Michael,May,http://en.wikipedia.org/wiki/Michael_May_(racing_driver)
481,Henry,Taylor,http://en.wikipedia.org/wiki/Henry_Taylor_(racing_driver)
482,Olivier,Gendebien,http://en.wikipedia.org/wiki/Olivier_Gendebien
483,Giorgio,Scarlatti,http://en.wikipedia.org/wiki/Giorgio_Scarlatti
484,Brian,Naylor,http://en.wikipedia.org/wiki/Brian_Naylor
485,Juan Manuel,Bordeu,http://en.wikipedia.org/wiki/Juan_Manuel_Bordeu
486,Jack,Fairman,http://en.wikipedia.org/wiki/Jack_Fairman
487,Massimo,Natili,http://en.wikipedia.org/wiki/Massimo_Natili
488,Peter,Monteverdi,http://en.wikipedia.org/wiki/Peter_Monteverdi
489,Renato,Pirocchi,http://en.wikipedia.org/wiki/Renato_Pirocchi
490,Geoff,Duke,http://en.wikipedia.org/wiki/Geoff_Duke
491,Alfonso,Thiele,http://en.wikipedia.org/wiki/Alfonso_Thiele
492,Menato,Boffa,http://en.wikipedia.org/wiki/Menato_Boffa
493,Peter,Ryan,http://en.wikipedia.org/wiki/Peter_Ryan_(driver)
494,Lloyd,Ruby,http://en.wikipedia.org/wiki/Lloyd_Ruby
495,Ken,Miles,http://en.wikipedia.org/wiki/Ken_Miles
496,Carlos,Menditeguy,http://en.wikipedia.org/wiki/Carlos_Menditeguy
497,Alberto Rodriguez,Larreta,http://en.wikipedia.org/wiki/Alberto_Rodriguez_Larreta
498,José Froilán,González,http://en.wikipedia.org/wiki/Jos%C3%A9_Froil%C3%A1n_Gonz%C3%A1lez
499,Roberto,Bonomi,http://en.wikipedia.org/wiki/Roberto_Bonomi
500,Gino,Munaron,http://en.wikipedia.org/wiki/Gino_Munaron
501,Harry,Schell,http://en.wikipedia.org/wiki/Harry_Schell
502,Alan,Stacey,http://en.wikipedia.org/wiki/Alan_Stacey
503,Ettore,Chimeri,http://en.wikipedia.org/wiki/Ettore_Chimeri
504,Antonio,Creus,http://en.wikipedia.org/wiki/Antonio_Creus
505,Chris,Bristow,http://en.wikipedia.org/wiki/Chris_Bristow
506,Bruce,Halford,http://en.wikipedia.org/wiki/Bruce_Halford
507,Chuck,Daigh,http://en.wikipedia.org/wiki/Chuck_Daigh
508,Lance,Reventlow,http://en.wikipedia.org/wiki/Lance_Reventlow
509,Jim,Rathmann,http://en.wikipedia.org/wiki/Jim_Rathmann
510,Paul,Goldsmith,http://en.wikipedia.org/wiki/Paul_Goldsmith
511,Don,Branson,http://en.wikipedia.org/wiki/Don_Branson
512,Johnny,Thomson,http://en.wikipedia.org/wiki/Johnny_Thomson
513,Eddie,Johnson,http://en.wikipedia.org/wiki/Eddie_Johnson_(auto_racer)
514,Bob,Veith,http://en.wikipedia.org/wiki/Bob_Veith
515,Bud,Tingelstad,http://en.wikipedia.org/wiki/Bud_Tingelstad
516,Bob,Christie,http://en.wikipedia.org/wiki/Bob_Christie_(racing_driver)
517,Red,Amick,http://en.wikipedia.org/wiki/Red_Amick
518,Duane,Carter,http://en.wikipedia.org/wiki/Duane_Carter
519,Bill,Homeier,http://en.wikipedia.org/wiki/Bill_Homeier
520,Gene,Hartley,http://en.wikipedia.org/wiki/Gene_Hartley
521,Chuck,Stevenson,http://en.wikipedia.org/wiki/Chuck_Stevenson
522,Bobby,Grim,http://en.wikipedia.org/wiki/Bobby_Grim
523,Shorty,Templeman,http://en.wikipedia.org/wiki/Shorty_Templeman
524,Jim,Hurtubise,http://en.wikipedia.org/wiki/Jim_Hurtubise
525,Jimmy,Bryan,http://en.wikipedia.org/wiki/Jimmy_Bryan
526,Troy,Ruttman,http://en.wikipedia.org/wiki/Troy_Ruttman
527,Eddie,Sachs,http://en.wikipedia.org/wiki/Eddie_Sachs
528,Don,Freeland,http://en.wikipedia.org/wiki/Don_Freeland
529,Tony,Bettenhausen,http://en.wikipedia.org/wiki/Tony_Bettenhausen
530,Wayne,Weiler,http://en.wikipedia.org/wiki/Wayne_Weiler
531,Anthony,Foyt,http://en.wikipedia.org/wiki/A.J._Foyt
532,Eddie,Russo,http://en.wikipedia.org/wiki/Eddie_Russo
533,Johnny,Boyd,http://en.wikipedia.org/wiki/Johnny_Boyd
534,Gene,Force,http://en.wikipedia.org/wiki/Gene_Force
535,Jim,McWithey,http://en.wikipedia.org/wiki/Jim_McWithey
536,Len,Sutton,http://en.wikipedia.org/wiki/Len_Sutton
537,Dick,Rathmann,http://en.wikipedia.org/wiki/Dick_Rathmann
538,Al,Herman,http://en.wikipedia.org/wiki/Al_Herman
539,Dempsey,Wilson,http://en.wikipedia.org/wiki/Dempsey_Wilson
540,Mike,Taylor,http://en.wikipedia.org/wiki/Mike_Taylor_(driver)
541,Ron,Flockhart,http://en.wikipedia.org/wiki/Ron_Flockhart_(auto_racing)
542,David,Piper,http://en.wikipedia.org/wiki/David_Piper
543,Giulio,Cabianca,http://en.wikipedia.org/wiki/Giulio_Cabianca
544,Piero,Drogo,http://en.wikipedia.org/wiki/Piero_Drogo
545,Fred,Gamble,http://en.wikipedia.org/wiki/Fred_Gamble_(racing_driver)
546,Arthur,Owen,http://en.wikipedia.org/wiki/Arthur_Owen
547,Horace,Gould,http://en.wikipedia.org/wiki/Horace_Gould
548,Bob,Drake,http://en.wikipedia.org/wiki/Bob_Drake_(Formula_One)
549,Ivor,Bueb,http://en.wikipedia.org/wiki/Ivor_Bueb
550,Alain,de Changy,http://en.wikipedia.org/wiki/Alain_de_Changy
551,Maria,de Filippis,http://en.wikipedia.org/wiki/Maria_Teresa_de_Filippis
552,Jean,Lucienbonnet,http://en.wikipedia.org/wiki/Jean_Lucienbonnet
553,André,Testut,http://en.wikipedia.org/wiki/Andr%C3%A9_Testut
554,Jean,Behra,http://en.wikipedia.org/wiki/Jean_Behra
555,Paul,Russo,http://en.wikipedia.org/wiki/Paul_Russo
556,Jimmy,Daywalt,http://en.wikipedia.org/wiki/Jimmy_Daywalt
557,Chuck,Arnold,http://en.wikipedia.org/wiki/Chuck_Arnold
558,Al,Keller,http://en.wikipedia.org/wiki/Al_Keller
559,Pat,Flaherty,http://en.wikipedia.org/wiki/Pat_Flaherty_(racing_driver)
560,Bill,Cheesbourg,http://en.wikipedia.org/wiki/Bill_Cheesbourg
561,Ray,Crawford,http://en.wikipedia.org/wiki/Ray_Crawford
562,Jack,Turner,http://en.wikipedia.org/wiki/Jack_Turner_(driver)
563,Chuck,Weyant,http://en.wikipedia.org/wiki/Chuck_Weyant
564,Jud,Larson,http://en.wikipedia.org/wiki/Jud_Larson
565,Mike,Magill,http://en.wikipedia.org/wiki/Mike_Magill
566,Carroll,Shelby,http://en.wikipedia.org/wiki/Carroll_Shelby
567,Fritz,d'Orey,http://en.wikipedia.org/wiki/Fritz_d%27Orey
568,Azdrubal,Fontes,http://en.wikipedia.org/wiki/Azdrubal_Fontes
569,Peter,Ashdown,http://en.wikipedia.org/wiki/Peter_Ashdown
570,Bill,Moss,http://en.wikipedia.org/wiki/Bill_Moss_(racing_driver)
571,Dennis,Taylor,http://en.wikipedia.org/wiki/Dennis_Taylor_(racing_driver)
572,Harry,Blanchard,http://en.wikipedia.org/wiki/Harry_Blanchard
573,Alessandro,de Tomaso,http://en.wikipedia.org/wiki/Alessandro_de_Tomaso
574,George,Constantine,http://en.wikipedia.org/wiki/George_Constantine
575,Bob,Said,http://en.wikipedia.org/wiki/Bob_Said
576,Phil,Cade,http://en.wikipedia.org/wiki/Phil_Cade
577,Luigi,Musso,http://en.wikipedia.org/wiki/Luigi_Musso
578,Mike,Hawthorn,http://en.wikipedia.org/wiki/Mike_Hawthorn
579,Juan,Fangio,http://en.wikipedia.org/wiki/Juan_Manuel_Fangio
580,Paco,Godia,http://en.wikipedia.org/wiki/Paco_Godia
581,Peter,Collins,http://en.wikipedia.org/wiki/Peter_Collins_(racing_driver)
582,Ken,Kavanagh,http://en.wikipedia.org/wiki/Ken_Kavanagh
583,Gerino,Gerini,http://en.wikipedia.org/wiki/Gerino_Gerini_(racing_driver)
584,Bruce,Kessler,http://en.wikipedia.org/wiki/Bruce_Kessler
585,Paul,Emery,http://en.wikipedia.org/wiki/Paul_Emery
586,Luigi,Piotti,http://en.wikipedia.org/wiki/Luigi_Piotti
587,Bernie,Ecclestone,http://en.wikipedia.org/wiki/Bernie_Ecclestone
588,Luigi,Taramazzo,http://en.wikipedia.org/wiki/Luigi_Taramazzo
589,Louis,Chiron,http://en.wikipedia.org/wiki/Louis_Chiron
590,Stuart,Lewis-Evans,http://en.wikipedia.org/wiki/Stuart_Lewis-Evans
591,George,Amick,http://en.wikipedia.org/wiki/George_Amick
592,Jimmy,Reece,http://en.wikipedia.org/wiki/Jimmy_Reece
593,Johnnie,Parsons,http://en.wikipedia.org/wiki/Johnnie_Parsons
594,Johnnie,Tolan,http://en.wikipedia.org/wiki/Johnnie_Tolan
595,Billy,Garrett,http://en.wikipedia.org/wiki/Billy_Garrett
596,Ed,Elisian,http://en.wikipedia.org/wiki/Ed_Elisian
597,Pat,O'Connor,http://en.wikipedia.org/wiki/Pat_O%27Connor_(auto_racer)
598,Jerry,Unser,http://en.wikipedia.org/wiki/Jerry_Unser
599,Art,Bisch,http://en.wikipedia.org/wiki/Art_Bisch
600,Christian,Goethals,http://en.wikipedia.org/wiki/Christian_Goethals
601,Dick,Gibson,http://en.wikipedia.org/wiki/Dick_Gibson
602,Robert,La Caze,http://en.wikipedia.org/wiki/Robert_La_Caze
603,André,Guelfi,http://en.wikipedia.org/wiki/Andr%C3%A9_Guelfi
604,François,Picard,http://en.wikipedia.org/wiki/Fran%C3%A7ois_Picard
605,Tom,Bridger,http://en.wikipedia.org/wiki/Tom_Bridger
606,Alfonso,de Portago,http://en.wikipedia.org/wiki/Alfonso_de_Portago
607,Cesare,Perdisa,http://en.wikipedia.org/wiki/Cesare_Perdisa
608,Eugenio,Castellotti,http://en.wikipedia.org/wiki/Eugenio_Castellotti
609,André,Simon,http://en.wikipedia.org/wiki/Andr%C3%A9_Simon_(racing_driver)
610,Les,Leston,http://en.wikipedia.org/wiki/Les_Leston
611,Sam,Hanks,http://en.wikipedia.org/wiki/Sam_Hanks
612,Andy,Linden,http://en.wikipedia.org/wiki/Andy_Linden_(racing_driver)
613,Marshall,Teague,http://en.wikipedia.org/wiki/Marshall_Teague_(racing_driver)
614,Don,Edmunds,http://en.wikipedia.org/wiki/Don_Edmunds
615,Fred,Agabashian,http://en.wikipedia.org/wiki/Fred_Agabashian
616,Elmer,George,http://en.wikipedia.org/wiki/Elmer_George
617,Mike,MacDowel,http://en.wikipedia.org/wiki/Mike_MacDowel
618,Herbert,MacKay-Fraser,http://en.wikipedia.org/wiki/Herbert_MacKay-Fraser
619,Bob,Gerard,http://en.wikipedia.org/wiki/Bob_Gerard
620,Umberto,Maglioli,http://en.wikipedia.org/wiki/Umberto_Maglioli
621,Paul,England,http://en.wikipedia.org/wiki/Paul_England
622,Chico,Landi,http://en.wikipedia.org/wiki/Chico_Landi
623,Alberto,Uria,http://en.wikipedia.org/wiki/Alberto_Uria
624,Hernando,da Silva Ramos,http://en.wikipedia.org/wiki/Hernando_da_Silva_Ramos
625,Élie,Bayol,http://en.wikipedia.org/wiki/%C3%89lie_Bayol
626,Robert,Manzon,http://en.wikipedia.org/wiki/Robert_Manzon
627,Louis,Rosier,http://en.wikipedia.org/wiki/Louis_Rosier
628,Bob,Sweikert,http://en.wikipedia.org/wiki/Bob_Sweikert
629,Cliff,Griffith,http://en.wikipedia.org/wiki/Cliff_Griffith
630,Duke,Dinsmore,http://en.wikipedia.org/wiki/Duke_Dinsmore
631,Keith,Andrews,http://en.wikipedia.org/wiki/Keith_Andrews_(driver)
632,Paul,Frère,http://en.wikipedia.org/wiki/Paul_Fr%C3%A8re
633,Luigi,Villoresi,http://en.wikipedia.org/wiki/Luigi_Villoresi
634,Piero,Scotti,http://en.wikipedia.org/wiki/Piero_Scotti
635,Colin,Chapman,http://en.wikipedia.org/wiki/Colin_Chapman
636,Desmond,Titterington,http://en.wikipedia.org/wiki/Desmond_Titterington
637,Archie,Scott Brown,http://en.wikipedia.org/wiki/Archie_Scott_Brown
638,Ottorino,Volonterio,http://en.wikipedia.org/wiki/Ottorino_Volonterio
639,André,Milhoux,http://en.wikipedia.org/wiki/Andr%C3%A9_Milhoux
640,Toulo,de Graffenried,http://en.wikipedia.org/wiki/Toulo_de_Graffenried
641,Piero,Taruffi,http://en.wikipedia.org/wiki/Piero_Taruffi
642,Nino,Farina,http://en.wikipedia.org/wiki/Nino_Farina
643,Roberto,Mieres,http://en.wikipedia.org/wiki/Roberto_Mieres
644,Sergio,Mantovani,http://en.wikipedia.org/wiki/Sergio_Mantovani
645,Clemar,Bucci,http://en.wikipedia.org/wiki/Clemar_Bucci
646,Jesús,Iglesias,http://en.wikipedia.org/wiki/Jes%C3%BAs_Iglesias
647,Alberto,Ascari,http://en.wikipedia.org/wiki/Alberto_Ascari
648,Karl,Kling,http://en.wikipedia.org/wiki/Karl_Kling
649,Pablo,Birger,http://en.wikipedia.org/wiki/Pablo_Birger
650,Jacques,Pollet,http://en.wikipedia.org/wiki/Jacques_Pollet
651,Lance,Macklin,http://en.wikipedia.org/wiki/Lance_Macklin
652,Ted,Whiteaway,http://en.wikipedia.org/wiki/Ted_Whiteaway
653,Jimmy,Davies,http://en.wikipedia.org/wiki/Jimmy_Davies
654,Walt,Faulkner,http://en.wikipedia.org/wiki/Walt_Faulkner
655,Cal,Niday,http://en.wikipedia.org/wiki/Cal_Niday
656,Art,Cross,http://en.wikipedia.org/wiki/Art_Cross
657,Bill,Vukovich,http://en.wikipedia.org/wiki/Bill_Vukovich
658,Jack,McGrath,http://en.wikipedia.org/wiki/Jack_McGrath_(racing_driver)
659,Jerry,Hoyt,http://en.wikipedia.org/wiki/Jerry_Hoyt
660,Johnny,Claes,http://en.wikipedia.org/wiki/Johnny_Claes
661,Peter,Walker,http://en.wikipedia.org/wiki/Peter_Walker_(driver)
662,Mike,Sparken,http://en.wikipedia.org/wiki/Mike_Sparken
663,Ken,Wharton,http://en.wikipedia.org/wiki/Ken_Wharton
664,Kenneth,McAlpine,http://en.wikipedia.org/wiki/Kenneth_McAlpine
665,Leslie,Marr,http://en.wikipedia.org/wiki/Leslie_Marr
666,Tony,Rolt,http://en.wikipedia.org/wiki/Tony_Rolt
667,John,Fitch,http://en.wikipedia.org/wiki/John_Fitch_(driver)
668,Jean,Lucas,http://en.wikipedia.org/wiki/Jean_Lucas
669,Prince,Bira,http://en.wikipedia.org/wiki/Prince_Bira
670,Onofre,Marimón,http://en.wikipedia.org/wiki/Onofre_Marim%C3%B3n
671,Roger,Loyer,http://en.wikipedia.org/wiki/Roger_Loyer
672,Jorge,Daponte,http://en.wikipedia.org/wiki/Jorge_Daponte
673,Mike,Nazaruk,http://en.wikipedia.org/wiki/Mike_Nazaruk
674,Larry,Crockett,http://en.wikipedia.org/wiki/Larry_Crockett
675,Manny,Ayulo,http://en.wikipedia.org/wiki/Manny_Ayulo
676,Frank,Armi,http://en.wikipedia.org/wiki/Frank_Armi
677,Travis,Webb,http://en.wikipedia.org/wiki/Travis_Webb
678,Len,Duncan,http://en.wikipedia.org/wiki/Len_Duncan
679,Ernie,McCoy,http://en.wikipedia.org/wiki/Ernie_McCoy
680,Jacques,Swaters,http://en.wikipedia.org/wiki/Jacques_Swaters
681,Georges,Berger,http://en.wikipedia.org/wiki/Georges_Berger
682,Don,Beauman,http://en.wikipedia.org/wiki/Don_Beauman
683,Leslie,Thorne,http://en.wikipedia.org/wiki/Leslie_Thorne
684,Bill,Whitehouse,http://en.wikipedia.org/wiki/Bill_Whitehouse
685,John,Riseley-Prichard,http://en.wikipedia.org/wiki/John_Riseley-Prichard
686,Reg,Parnell,http://en.wikipedia.org/wiki/Reg_Parnell
687,Peter,Whitehead,http://en.wikipedia.org/wiki/Peter_Whitehead_(racing_driver)
688,Eric,Brandon,http://en.wikipedia.org/wiki/Eric_Brandon
689,Alan,Brown,http://en.wikipedia.org/wiki/Alan_Brown_(racing_driver)
690,Rodney,Nuckey,http://en.wikipedia.org/wiki/Rodney_Nuckey
691,Hermann,Lang,http://en.wikipedia.org/wiki/Hermann_Lang
692,Theo,Helfrich,http://en.wikipedia.org/wiki/Theo_Helfrich
693,Fred,Wacker,http://en.wikipedia.org/wiki/Fred_Wacker
694,Giovanni,de Riu,http://en.wikipedia.org/wiki/Giovanni_de_Riu
695,Oscar,Gálvez,http://en.wikipedia.org/wiki/%C3%93scar_Alfredo_G%C3%A1lvez
696,John,Barber,http://en.wikipedia.org/wiki/John_Barber_(racing_driver)
697,Felice,Bonetto,http://en.wikipedia.org/wiki/Felice_Bonetto
698,Adolfo,Cruz,http://en.wikipedia.org/wiki/Adolfo_Schewelm_Cruz
699,Duke,Nalon,http://en.wikipedia.org/wiki/Duke_Nalon
700,Carl,Scarborough,http://en.wikipedia.org/wiki/Carl_Scarborough
701,Bill,Holland,http://en.wikipedia.org/wiki/Bill_Holland
702,Bob,Scott,http://en.wikipedia.org/wiki/Bob_Scott_(auto_racer)
703,Arthur,Legat,http://en.wikipedia.org/wiki/Arthur_Legat
704,Yves,Cabantous,http://en.wikipedia.org/wiki/Yves_Giraud_Cabantous
705,Tony,Crook,http://en.wikipedia.org/wiki/Tony_Crook
706,Jimmy,Stewart,http://en.wikipedia.org/wiki/Jimmy_Stewart_(racing_driver)
707,Ian,Stewart,http://en.wikipedia.org/wiki/Ian_Stewart_(racing_driver)
708,Duncan,Hamilton,http://en.wikipedia.org/wiki/Duncan_Hamilton_(racing_driver)
709,Ernst,Klodwig,http://en.wikipedia.org/wiki/Ernst_Klodwig
710,Rudolf,Krause,http://en.wikipedia.org/wiki/Rudolf_Krause
711,Oswald,Karch,http://en.wikipedia.org/wiki/Oswald_Karch
712,Willi,Heeks,http://en.wikipedia.org/wiki/Willi_Heeks
713,Theo,Fitzau,http://en.wikipedia.org/wiki/Theo_Fitzau
714,Kurt,Adolff,http://en.wikipedia.org/wiki/Kurt_Adolff
715,Günther,Bechem,http://en.wikipedia.org/wiki/G%C3%BCnther_Bechem
716,Erwin,Bauer,http://en.wikipedia.org/wiki/Erwin_Bauer
717,Hans,von Stuck,http://en.wikipedia.org/wiki/Hans_Von_Stuck
718,Ernst,Loof,http://en.wikipedia.org/wiki/Ernst_Loof
719,Albert,Scherrer,http://en.wikipedia.org/wiki/Albert_Scherrer
720,Max,de Terra,http://en.wikipedia.org/wiki/Max_de_Terra
721,Peter,Hirt,http://en.wikipedia.org/wiki/Peter_Hirt
722,Piero,Carini,http://en.wikipedia.org/wiki/Piero_Carini
723,Rudi,Fischer,http://en.wikipedia.org/wiki/Rudi_Fischer
724,Toni,Ulmen,http://en.wikipedia.org/wiki/Toni_Ulmen
725,George,Abecassis,http://en.wikipedia.org/wiki/George_Abecassis
726,George,Connor,http://en.wikipedia.org/wiki/George_Connor_(driver)
727,Jim,Rigsby,http://en.wikipedia.org/wiki/Jim_Rigsby
728,Joe,James,http://en.wikipedia.org/wiki/Joe_James_(racing_driver)
729,Bill,Schindler,http://en.wikipedia.org/wiki/Bill_Schindler
730,George,Fonder,http://en.wikipedia.org/wiki/George_Fonder
731,Henry,Banks,http://en.wikipedia.org/wiki/Henry_Banks
732,Johnny,McDowell,http://en.wikipedia.org/wiki/Johnny_McDowell
733,Chet,Miller,http://en.wikipedia.org/wiki/Chet_Miller
734,Bobby,Ball,http://en.wikipedia.org/wiki/Bobby_Ball_(auto_racer)
735,Charles,de Tornaco,http://en.wikipedia.org/wiki/Charles_de_Tornaco
736,Roger,Laurent,http://en.wikipedia.org/wiki/Roger_Laurent
737,Robert,O'Brien,http://en.wikipedia.org/wiki/Robert_O%27Brien_(auto_racer)
738,Tony,Gaze,http://en.wikipedia.org/wiki/Tony_Gaze
739,Robin,Montgomerie-Charrington,http://en.wikipedia.org/wiki/Robin_Montgomerie-Charrington
740,Franco,Comotti,http://en.wikipedia.org/wiki/Franco_Comotti
741,Philippe,Étancelin,http://en.wikipedia.org/wiki/Philippe_%C3%89tancelin
742,Dennis,Poore,http://en.wikipedia.org/wiki/Dennis_Poore
743,Eric,Thompson,http://en.wikipedia.org/wiki/Eric_Thompson_(racing_driver)
744,Ken,Downing,http://en.wikipedia.org/wiki/Ken_Downing
745,Graham,Whitehead,http://en.wikipedia.org/wiki/Graham_Whitehead
746,Gino,Bianco,http://en.wikipedia.org/wiki/Gino_Bianco
747,David,Murray,http://en.wikipedia.org/wiki/David_Murray_(driver)
748,Eitel,Cantoni,http://en.wikipedia.org/wiki/Eitel_Cantoni
749,Bill,Aston,http://en.wikipedia.org/wiki/Bill_Aston
750,Adolf,Brudes,http://en.wikipedia.org/wiki/Adolf_Brudes
751,Fritz,Riess,http://en.wikipedia.org/wiki/Fritz_Riess
752,Helmut,Niedermayr,http://en.wikipedia.org/wiki/Helmut_Niedermayr
753,Hans,Klenk,http://en.wikipedia.org/wiki/Hans_Klenk
754,Marcel,Balsa,http://en.wikipedia.org/wiki/Marcel_Balsa
755,Rudolf,Schoeller,http://en.wikipedia.org/wiki/Rudolf_Schoeller
756,Paul,Pietsch,http://en.wikipedia.org/wiki/Paul_Pietsch
757,Josef,Peters,http://en.wikipedia.org/wiki/Josef_Peters_(driver)
758,Dries,van der Lof,http://en.wikipedia.org/wiki/Dries_van_der_Lof
759,Jan,Flinterman,http://en.wikipedia.org/wiki/Jan_Flinterman
760,Piero,Dusio,http://en.wikipedia.org/wiki/Piero_Dusio
761,Alberto,Crespo,http://en.wikipedia.org/wiki/Alberto_Crespo
762,Franco,Rol,http://en.wikipedia.org/wiki/Franco_Rol
763,Consalvo,Sanesi,http://en.wikipedia.org/wiki/Consalvo_Sanesi
764,Guy,Mairesse,http://en.wikipedia.org/wiki/Guy_Mairesse
765,Henri,Louveau,http://en.wikipedia.org/wiki/Henri_Louveau
766,Lee,Wallard,http://en.wikipedia.org/wiki/Lee_Wallard
767,Carl,Forberg,http://en.wikipedia.org/wiki/Carl_Forberg
768,Mauri,Rose,http://en.wikipedia.org/wiki/Mauri_Rose
769,Bill,Mackey,http://en.wikipedia.org/wiki/Bill_Mackey
770,Cecil,Green,http://en.wikipedia.org/wiki/Cecil_Green
771,Walt,Brown,http://en.wikipedia.org/wiki/Walt_Brown_(auto_racer)
772,Mack,Hellings,http://en.wikipedia.org/wiki/Mack_Hellings
773,Pierre,Levegh,http://en.wikipedia.org/wiki/Pierre_Levegh
774,Eugène,Chaboud,http://en.wikipedia.org/wiki/Eug%C3%A8ne_Chaboud
775,Aldo,Gordini,http://en.wikipedia.org/wiki/Aldo_Gordini
776,Joe,Kelly,http://en.wikipedia.org/wiki/Joe_Kelly_(Formula_One)
777,Philip,Fotheringham-Parker,http://en.wikipedia.org/wiki/Philip_Fotheringham-Parker
778,Brian,Shawe Taylor,http://en.wikipedia.org/wiki/Brian_Shawe_Taylor
779,John,James,http://en.wikipedia.org/wiki/John_James_(auto_racer)
780,Toni,Branca,http://en.wikipedia.org/wiki/Toni_Branca
781,Ken,Richardson,http://en.wikipedia.org/wiki/Ken_Richardson_(race_car_driver)
782,Juan,Jover,http://en.wikipedia.org/wiki/Juan_Jover
783,Georges,Grignard,http://en.wikipedia.org/wiki/Georges_Grignard
784,David,Hampshire,http://en.wikipedia.org/wiki/David_Hampshire
785,Geoff,Crossley,http://en.wikipedia.org/wiki/Geoff_Crossley
786,Luigi,Fagioli,http://en.wikipedia.org/wiki/Luigi_Fagioli
787,Cuth,Harrison,http://en.wikipedia.org/wiki/Cuth_Harrison
788,Joe,Fry,http://en.wikipedia.org/wiki/Joe_Fry
789,Eugène,Martin,http://en.wikipedia.org/wiki/Eug%C3%A8ne_Martin
790,Leslie,Johnson,http://en.wikipedia.org/wiki/Leslie_Johnson_(racing_driver)
791,Clemente,Biondetti,http://en.wikipedia.org/wiki/Clemente_Biondetti
792,Alfredo,Pián,http://en.wikipedia.org/wiki/Alfredo_Pi%C3%A0n
793,Raymond,Sommer,http://en.wikipedia.org/wiki/Raymond_Sommer
794,Joie,Chitwood,http://en.wikipedia.org/wiki/Joie_Chitwood
795,Myron,Fohr,http://en.wikipedia.org/wiki/Myron_Fohr
796,Walt,Ader,http://en.wikipedia.org/wiki/Walt_Ader
797,Jackie,Holmes,http://en.wikipedia.org/wiki/Jackie_Holmes
798,Bayliss,Levrett,http://en.wikipedia.org/wiki/Bayliss_Levrett
799,Jimmy,Jackson,http://en.wikipedia.org/wiki/Jimmy_Jackson_(driver)
800,Nello,Pagani,http://en.wikipedia.org/wiki/Nello_Pagani
801,Charles,Pozzi,http://en.wikipedia.org/wiki/Charles_Pozzi
802,Dorino,Serafini,http://en.wikipedia.org/wiki/Dorino_Serafini
803,Bill,Cantrell,http://en.wikipedia.org/wiki/William_Cantrell
804,Johnny,Mantz,http://en.wikipedia.org/wiki/Johnny_Mantz
805,Danny,Kladis,http://en.wikipedia.org/wiki/Danny_Kladis
806,Óscar,González,http://en.wikipedia.org/wiki/%C3%93scar_Gonz%C3%A1lez_(racing_driver)
807,Nico,Hülkenberg,http://en.wikipedia.org/wiki/Nico_H%C3%BClkenberg
808,Vitaly,Petrov,http://en.wikipedia.org/wiki/Vitaly_Petrov
810,Lucas,di Grassi,http://en.wikipedia.org/wiki/Lucas_di_Grassi
811,Bruno,Senna,http://en.wikipedia.org/wiki/Bruno_Senna
812,Karun,Chandhok,http://en.wikipedia.org/wiki/Karun_Chandhok
813,Pastor,Maldonado,http://en.wikipedia.org/wiki/Pastor_Maldonado
814,Paul,di Resta,http://en.wikipedia.org/wiki/Paul_di_Resta
815,Sergio,Pérez,http://en.wikipedia.org/wiki/Sergio_P%C3%A9rez
816,Jérôme,d'Ambrosio,http://en.wikipedia.org/wiki/J%C3%A9r%C3%B4me_d%27Ambrosio
817,Daniel,Ricciardo,http://en.wikipedia.org/wiki/Daniel_Ricciardo
818,Jean-Éric,Vergne,http://en.wikipedia.org/wiki/Jean-%C3%89ric_Vergne
819,Charles,Pic,http://en.wikipedia.org/wiki/Charles_Pic
820,Max,Chilton,http://en.wikipedia.org/wiki/Max_Chilton
821,Esteban,Gutiérrez,http://en.wikipedia.org/wiki/Esteban_Guti%C3%A9rrez
822,Valtteri,Bottas,http://en.wikipedia.org/wiki/Valtteri_Bottas
823,Giedo,van der Garde,http://en.wikipedia.org/wiki/Giedo_van_der_Garde
824,Jules,Bianchi,http://en.wikipedia.org/wiki/Jules_Bianchi
825,Kevin,Magnussen,http://en.wikipedia.org/wiki/Kevin_Magnussen
826,Daniil,Kvyat,http://en.wikipedia.org/wiki/Daniil_Kvyat
827,André,Lotterer,http://en.wikipedia.org/wiki/Andr%C3%A9_Lotterer
828,Marcus,Ericsson,http://en.wikipedia.org/wiki/Marcus_Ericsson
829,Will,Stevens,http://en.wikipedia.org/wiki/Will_Stevens
830,Max,Verstappen,http://en.wikipedia.org/wiki/Max_Verstappen
831,Felipe,Nasr,http://en.wikipedia.org/wiki/Felipe_Nasr
832,Carlos,Sainz,http://en.wikipedia.org/wiki/Carlos_Sainz_Jr.
833,Roberto,Merhi,http://en.wikipedia.org/wiki/Roberto_Merhi
834,Alexander,Rossi,http://en.wikipedia.org/wiki/Alexander_Rossi_%28racing_driver%29
835,Jolyon,Palmer,http://en.wikipedia.org/wiki/Jolyon_Palmer
836,Pascal,Wehrlein,http://en.wikipedia.org/wiki/Pascal_Wehrlein
837,Rio,Haryanto,http://en.wikipedia.org/wiki/Rio_Haryanto
838,Stoffel,Vandoorne,http://en.wikipedia.org/wiki/Stoffel_Vandoorne
839,Esteban,Ocon,http://en.wikipedia.org/wiki/Esteban_Ocon
840,Lance,Stroll,http://en.wikipedia.org/wiki/Lance_Stroll
841,Antonio,Giovinazzi,http://en.wikipedia.org/wiki/Antonio_Giovinazzi
843,Brendon,Hartley,http://en.wikipedia.org/wiki/Brendon_Hartley
844,Charles,Leclerc,http://en.wikipedia.org/wiki/Charles_Leclerc
845,Sergey,Sirotkin,http://en.wikipedia.org/wiki/Sergey_Sirotkin_(racing_driver)
846,Lando,Norris,http://en.wikipedia.org/wiki/Lando_Norris
847,George,Russell,http://en.wikipedia.org/wiki/George_Russell_(racing_driver)
848,Alexander,Albon,http://en.wikipedia.org/wiki/Alexander_Albon
849,Nicholas,Latifi,http://en.wikipedia.org/wiki/Nicholas_Latifi
850,Pietro,Fittipaldi,http://en.wikipedia.org/wiki/Pietro_Fittipaldi
851,Jack,Aitken,http://en.wikipedia.org/wiki/Jack_Aitken
852,Yuki,Tsunoda,http://en.wikipedia.org/wiki/Yuki_Tsunoda
853,Nikita,Mazepin,http://en.wikipedia.org/wiki/Nikita_Mazepin
854,Mick,Schumacher,http://en.wikipedia.org/wiki/Mick_Schumacher
855,Guanyu,Zhou,http://en.wikipedia.org/wiki/Zhou_Guanyu
856,Nyck,de Vries,http://en.wikipedia.org/wiki/Nyck_de_Vries
857,Oscar,Piastri,http://en.wikipedia.org/wiki/Oscar_Piastri
858,Logan,Sargeant,http://en.wikipedia.org/wiki/Logan_Sargeant
859,Liam,Lawson,http://en.wikipedia.org/wiki/Liam_Lawson
860,Oliver,Bearman,http://en.wikipedia.org/wiki/Oliver_Bearman
